INSERT INTO VDIR_PROGRAMA(COD_PROGRAMA, DES_PROGRAMA, COD_PRODUCTO, COD_ESTADO, DESCRIPCION, URL_PROGRAMA, DES_PROGRAMA_ABR, IMAGEN, IMAGENCARD, ASOCIADO)
   VALUES(10, 'Plata Prime', 1, 1, 'Es una excelente opción para quienes buscan acceder de manera directa a los servicios ambulatorios de consulta especializada, medicina terapéutica, ayudas diagnósticas y vacunación, así como servicios de urgencia, hospitalización y cirugía con bajos periodos de carencia y sin topes en la prestación en servicios específicos, en una red de prestación diferencial a nivel nacional y con un único valor de Cupón de Pago Directo (CPD).', '/horadecuidarme/asset/public/uploadPdf/Cobertura/Cobertura_10_1.pdf', 'PlPr', '/horadecuidarme/asset/public/images/Tarjeta_MP_DIGITAL_PLATA_PRIME.png', '/horadecuidarme/asset/public/images/card_plata_prime.png', '2');

INSERT INTO VDIR_PROGRAMA(COD_PROGRAMA, DES_PROGRAMA, COD_PRODUCTO, COD_ESTADO, DESCRIPCION, URL_PROGRAMA, DES_PROGRAMA_ABR, IMAGEN, IMAGENCARD, ASOCIADO)
   VALUES(11, 'Ambulatorio Especial', 1, 1, 'Este programa está diseñado para proteger la salud con acceso a los servicios desde el primer día y de manera ilimitada a consultas en medicina especializada, atención presencial, domiciliaria y de teleconsulta, medicina terapéutica, exámenes de diagnóstico, servicios de odontología general y preventiva y el subsidio económico por mecanismo de reembolso para medicamentos y/o vacunas, por medio de una red de más de 4.000 profesionales e instituciones de la salud a nivel nacional.', '/horadecuidarme/asset/public/uploadPdf/Cobertura/Cobertura_11_1.pdf', 'AmEs', '/horadecuidarme/asset/public/images/Tarjeta_MP_DIGITAL_AMBULATORIO_ESPECIAL.png', '/horadecuidarme/asset/public/images/card_ambulatorio_especial.png', '2');


INSERT INTO VDIR_PLAN_PROGRAMA(COD_PLAN_PROGRAMA, COD_PLAN, COD_PROGRAMA, COD_ESTADO, COBERTURA_INICIAL, COD_PROGRAMA_HOMOLOGA, TARIFA, EDAD_FIN, EDAD_INI, SWITCH_MES, FECHA_FIN_PROMOCION)
   VALUES(15, 2, 10, 1, '/horadecuidarme/asset/public/uploadPdf/Cobertura/Cobertura_10_1.pdf', 'OP01', 'PLPR', 50, 1, 1, '2020/9/26');

INSERT INTO VDIR_PLAN_PROGRAMA(COD_PLAN_PROGRAMA, COD_PLAN, COD_PROGRAMA, COD_ESTADO, COBERTURA_INICIAL, COD_PROGRAMA_HOMOLOGA, TARIFA, EDAD_FIN, EDAD_INI, SWITCH_MES, FECHA_FIN_PROMOCION)
   VALUES(16, 2, 11, 1, '/horadecuidarme/asset/public/uploadPdf/Cobertura/Cobertura_11_1.pdf', 'OP01', 'AMES', 50, 1, 1, '2020/9/26');


-- Hombre Plata prime
INSERT INTO VDIR_TARIFA(COD_TARIFA, COD_PLAN_PROGRAMA, COD_PLAN, COD_ESTADO, COD_TIPO_TARIFA, VALOR, FECHA_VIGE_INICIAL, FECHA_VIGE_FIN, COD_CONDICION_TARIFA, COD_NUM_USUARIOS_TARIFA, COD_SEXO, EDAD_INICIAL, EDAD_FINAL, COD_TARIFA_MP, IVA)
   VALUES(1403, 15, 2, 1, 2, 151515, '06/03/20', '30/11/23', 2, NULL, 1, 1, 14, 'PLUN03', 9);

INSERT INTO VDIR_TARIFA(COD_TARIFA, COD_PLAN_PROGRAMA, COD_PLAN, COD_ESTADO, COD_TIPO_TARIFA, VALOR, FECHA_VIGE_INICIAL, FECHA_VIGE_FIN, COD_CONDICION_TARIFA, COD_NUM_USUARIOS_TARIFA, COD_SEXO, EDAD_INICIAL, EDAD_FINAL, COD_TARIFA_MP, IVA)
   VALUES(1404, 15, 2, 1, 2, 196245, '06/03/20', '30/11/23', 2, NULL, 1, 15, 29, 'PLUN03', 9);

INSERT INTO VDIR_TARIFA(COD_TARIFA, COD_PLAN_PROGRAMA, COD_PLAN, COD_ESTADO, COD_TIPO_TARIFA, VALOR, FECHA_VIGE_INICIAL, FECHA_VIGE_FIN, COD_CONDICION_TARIFA, COD_NUM_USUARIOS_TARIFA, COD_SEXO, EDAD_INICIAL, EDAD_FINAL, COD_TARIFA_MP, IVA)
   VALUES(1407, 15, 2, 1, 2, 207585, '06/03/20', '30/11/23', 2, NULL, 1, 30, 49, 'PLUN03', 9);
   
INSERT INTO VDIR_TARIFA(COD_TARIFA, COD_PLAN_PROGRAMA, COD_PLAN, COD_ESTADO, COD_TIPO_TARIFA, VALOR, FECHA_VIGE_INICIAL, FECHA_VIGE_FIN, COD_CONDICION_TARIFA, COD_NUM_USUARIOS_TARIFA, COD_SEXO, EDAD_INICIAL, EDAD_FINAL, COD_TARIFA_MP, IVA)
   VALUES(1408, 15, 2, 1, 2, 309750, '06/03/20', '30/11/23', 2, NULL, 1, 50, 59, 'PLUN03', 9);
   
INSERT INTO VDIR_TARIFA(COD_TARIFA, COD_PLAN_PROGRAMA, COD_PLAN, COD_ESTADO, COD_TIPO_TARIFA, VALOR, FECHA_VIGE_INICIAL, FECHA_VIGE_FIN, COD_CONDICION_TARIFA, COD_NUM_USUARIOS_TARIFA, COD_SEXO, EDAD_INICIAL, EDAD_FINAL, COD_TARIFA_MP, IVA)
   VALUES(1409, 15, 2, 1, 2, 598920, '06/03/20', '30/11/23', 2, NULL, 1, 60, 69, 'PLUN03', 9);
   
INSERT INTO VDIR_TARIFA(COD_TARIFA, COD_PLAN_PROGRAMA, COD_PLAN, COD_ESTADO, COD_TIPO_TARIFA, VALOR, FECHA_VIGE_INICIAL, FECHA_VIGE_FIN, COD_CONDICION_TARIFA, COD_NUM_USUARIOS_TARIFA, COD_SEXO, EDAD_INICIAL, EDAD_FINAL, COD_TARIFA_MP, IVA)
   VALUES(1410, 15, 2, 1, 2, 801150, '06/03/20', '30/11/23', 2, NULL, 1, 70, 79, 'PLUN03', 9);

-- Mujer Plata prime
INSERT INTO VDIR_TARIFA(COD_TARIFA, COD_PLAN_PROGRAMA, COD_PLAN, COD_ESTADO, COD_TIPO_TARIFA, VALOR, FECHA_VIGE_INICIAL, FECHA_VIGE_FIN, COD_CONDICION_TARIFA, COD_NUM_USUARIOS_TARIFA, COD_SEXO, EDAD_INICIAL, EDAD_FINAL, COD_TARIFA_MP, IVA)
   VALUES(1411, 15, 2, 1, 2, 151515, '06/03/20', '30/11/23', 2, NULL, 2, 1, 14, 'PLUN03', 9);

INSERT INTO VDIR_TARIFA(COD_TARIFA, COD_PLAN_PROGRAMA, COD_PLAN, COD_ESTADO, COD_TIPO_TARIFA, VALOR, FECHA_VIGE_INICIAL, FECHA_VIGE_FIN, COD_CONDICION_TARIFA, COD_NUM_USUARIOS_TARIFA, COD_SEXO, EDAD_INICIAL, EDAD_FINAL, COD_TARIFA_MP, IVA)
   VALUES(1412, 15, 2, 1, 2, 217875, '06/03/20', '30/11/23', 2, NULL, 2, 15, 29, 'PLUN03', 9);

INSERT INTO VDIR_TARIFA(COD_TARIFA, COD_PLAN_PROGRAMA, COD_PLAN, COD_ESTADO, COD_TIPO_TARIFA, VALOR, FECHA_VIGE_INICIAL, FECHA_VIGE_FIN, COD_CONDICION_TARIFA, COD_NUM_USUARIOS_TARIFA, COD_SEXO, EDAD_INICIAL, EDAD_FINAL, COD_TARIFA_MP, IVA)
   VALUES(1413, 15, 2, 1, 2, 249480, '06/03/20', '30/11/23', 2, NULL, 2, 30, 49, 'PLUN03', 9);
   
INSERT INTO VDIR_TARIFA(COD_TARIFA, COD_PLAN_PROGRAMA, COD_PLAN, COD_ESTADO, COD_TIPO_TARIFA, VALOR, FECHA_VIGE_INICIAL, FECHA_VIGE_FIN, COD_CONDICION_TARIFA, COD_NUM_USUARIOS_TARIFA, COD_SEXO, EDAD_INICIAL, EDAD_FINAL, COD_TARIFA_MP, IVA)
   VALUES(1414, 15, 2, 1, 2, 309750, '06/03/20', '30/11/23', 2, NULL, 2, 50, 59, 'PLUN03', 9);
   
INSERT INTO VDIR_TARIFA(COD_TARIFA, COD_PLAN_PROGRAMA, COD_PLAN, COD_ESTADO, COD_TIPO_TARIFA, VALOR, FECHA_VIGE_INICIAL, FECHA_VIGE_FIN, COD_CONDICION_TARIFA, COD_NUM_USUARIOS_TARIFA, COD_SEXO, EDAD_INICIAL, EDAD_FINAL, COD_TARIFA_MP, IVA)
   VALUES(1415, 15, 2, 1, 2, 598920, '06/03/20', '30/11/23', 2, NULL, 2, 60, 69, 'PLUN03', 9);
   
INSERT INTO VDIR_TARIFA(COD_TARIFA, COD_PLAN_PROGRAMA, COD_PLAN, COD_ESTADO, COD_TIPO_TARIFA, VALOR, FECHA_VIGE_INICIAL, FECHA_VIGE_FIN, COD_CONDICION_TARIFA, COD_NUM_USUARIOS_TARIFA, COD_SEXO, EDAD_INICIAL, EDAD_FINAL, COD_TARIFA_MP, IVA)
   VALUES(1416, 15, 2, 1, 2, 801150, '06/03/20', '30/11/23', 2, NULL, 2, 70, 79, 'PLUN03', 9);


INSERT INTO VDIR_PLAN_PROGRAMA(COD_PLAN_PROGRAMA, COD_PLAN, COD_PROGRAMA, COD_ESTADO, COBERTURA_INICIAL, COD_PROGRAMA_HOMOLOGA, TARIFA, EDAD_FIN, EDAD_INI, SWITCH_MES, FECHA_FIN_PROMOCION)
   VALUES(17, 1, 10, 1, '/horadecuidarme/asset/public/uploadPdf/Cobertura/Cobertura_10_1.pdf', 'OP01', 'PLPR', 50, 1, 1, '2020/9/26');

INSERT INTO VDIR_PLAN_PROGRAMA(COD_PLAN_PROGRAMA, COD_PLAN, COD_PROGRAMA, COD_ESTADO, COBERTURA_INICIAL, COD_PROGRAMA_HOMOLOGA, TARIFA, EDAD_FIN, EDAD_INI, SWITCH_MES, FECHA_FIN_PROMOCION)
   VALUES(18, 1, 11, 1, '/horadecuidarme/asset/public/uploadPdf/Cobertura/Cobertura_11_1.pdf', 'OP01', 'AMES', 50, 1, 1, '2020/9/26');
   
-- Hombre Plata prime
INSERT INTO VDIR_TARIFA(COD_TARIFA, COD_PLAN_PROGRAMA, COD_PLAN, COD_ESTADO, COD_TIPO_TARIFA, VALOR, FECHA_VIGE_INICIAL, FECHA_VIGE_FIN, COD_CONDICION_TARIFA, COD_NUM_USUARIOS_TARIFA, COD_SEXO, EDAD_INICIAL, EDAD_FINAL, COD_TARIFA_MP, IVA)
   VALUES(1427, 17, 1, 1, 2, 139440, '06/03/20', '30/11/23', 2, NULL, 1, 1, 14, 'PLUN03', 9);

INSERT INTO VDIR_TARIFA(COD_TARIFA, COD_PLAN_PROGRAMA, COD_PLAN, COD_ESTADO, COD_TIPO_TARIFA, VALOR, FECHA_VIGE_INICIAL, FECHA_VIGE_FIN, COD_CONDICION_TARIFA, COD_NUM_USUARIOS_TARIFA, COD_SEXO, EDAD_INICIAL, EDAD_FINAL, COD_TARIFA_MP, IVA)
   VALUES(1428, 17, 1, 1, 2, 180600, '06/03/20', '30/11/23', 2, NULL, 1, 15, 29, 'PLUN03', 9);

INSERT INTO VDIR_TARIFA(COD_TARIFA, COD_PLAN_PROGRAMA, COD_PLAN, COD_ESTADO, COD_TIPO_TARIFA, VALOR, FECHA_VIGE_INICIAL, FECHA_VIGE_FIN, COD_CONDICION_TARIFA, COD_NUM_USUARIOS_TARIFA, COD_SEXO, EDAD_INICIAL, EDAD_FINAL, COD_TARIFA_MP, IVA)
   VALUES(1429, 17, 1, 1, 2, 191100, '06/03/20', '30/11/23', 2, NULL, 1, 30, 49, 'PLUN03', 9);
   
INSERT INTO VDIR_TARIFA(COD_TARIFA, COD_PLAN_PROGRAMA, COD_PLAN, COD_ESTADO, COD_TIPO_TARIFA, VALOR, FECHA_VIGE_INICIAL, FECHA_VIGE_FIN, COD_CONDICION_TARIFA, COD_NUM_USUARIOS_TARIFA, COD_SEXO, EDAD_INICIAL, EDAD_FINAL, COD_TARIFA_MP, IVA)
   VALUES(1430, 17, 1, 1, 2, 284970, '06/03/20', '30/11/23', 2, NULL, 1, 50, 59, 'PLUN03', 9);
   
INSERT INTO VDIR_TARIFA(COD_TARIFA, COD_PLAN_PROGRAMA, COD_PLAN, COD_ESTADO, COD_TIPO_TARIFA, VALOR, FECHA_VIGE_INICIAL, FECHA_VIGE_FIN, COD_CONDICION_TARIFA, COD_NUM_USUARIOS_TARIFA, COD_SEXO, EDAD_INICIAL, EDAD_FINAL, COD_TARIFA_MP, IVA)
   VALUES(1431, 17, 1, 1, 2, 550935, '06/03/20', '30/11/23', 2, NULL, 1, 60, 69, 'PLUN03', 9);
   
INSERT INTO VDIR_TARIFA(COD_TARIFA, COD_PLAN_PROGRAMA, COD_PLAN, COD_ESTADO, COD_TIPO_TARIFA, VALOR, FECHA_VIGE_INICIAL, FECHA_VIGE_FIN, COD_CONDICION_TARIFA, COD_NUM_USUARIOS_TARIFA, COD_SEXO, EDAD_INICIAL, EDAD_FINAL, COD_TARIFA_MP, IVA)
   VALUES(1432, 17, 1, 1, 2, 737100, '06/03/20', '30/11/23', 2, NULL, 1, 70, 79, 'PLUN03', 9);

-- Mujer Plata prime
INSERT INTO VDIR_TARIFA(COD_TARIFA, COD_PLAN_PROGRAMA, COD_PLAN, COD_ESTADO, COD_TIPO_TARIFA, VALOR, FECHA_VIGE_INICIAL, FECHA_VIGE_FIN, COD_CONDICION_TARIFA, COD_NUM_USUARIOS_TARIFA, COD_SEXO, EDAD_INICIAL, EDAD_FINAL, COD_TARIFA_MP, IVA)
   VALUES(1433, 17, 1, 1, 2, 139440, '06/03/20', '30/11/23', 2, NULL, 2, 1, 14, 'PLUN03', 9);

INSERT INTO VDIR_TARIFA(COD_TARIFA, COD_PLAN_PROGRAMA, COD_PLAN, COD_ESTADO, COD_TIPO_TARIFA, VALOR, FECHA_VIGE_INICIAL, FECHA_VIGE_FIN, COD_CONDICION_TARIFA, COD_NUM_USUARIOS_TARIFA, COD_SEXO, EDAD_INICIAL, EDAD_FINAL, COD_TARIFA_MP, IVA)
   VALUES(1434, 17, 1, 1, 2, 200445, '06/03/20', '30/11/23', 2, NULL, 2, 15, 29, 'PLUN03', 9);

INSERT INTO VDIR_TARIFA(COD_TARIFA, COD_PLAN_PROGRAMA, COD_PLAN, COD_ESTADO, COD_TIPO_TARIFA, VALOR, FECHA_VIGE_INICIAL, FECHA_VIGE_FIN, COD_CONDICION_TARIFA, COD_NUM_USUARIOS_TARIFA, COD_SEXO, EDAD_INICIAL, EDAD_FINAL, COD_TARIFA_MP, IVA)
   VALUES(1435, 17, 1, 1, 2, 229530, '06/03/20', '30/11/23', 2, NULL, 2, 30, 49, 'PLUN03', 9);
   
INSERT INTO VDIR_TARIFA(COD_TARIFA, COD_PLAN_PROGRAMA, COD_PLAN, COD_ESTADO, COD_TIPO_TARIFA, VALOR, FECHA_VIGE_INICIAL, FECHA_VIGE_FIN, COD_CONDICION_TARIFA, COD_NUM_USUARIOS_TARIFA, COD_SEXO, EDAD_INICIAL, EDAD_FINAL, COD_TARIFA_MP, IVA)
   VALUES(1436, 17, 1, 1, 2, 284970, '06/03/20', '30/11/23', 2, NULL, 2, 50, 59, 'PLUN03', 9);
   
INSERT INTO VDIR_TARIFA(COD_TARIFA, COD_PLAN_PROGRAMA, COD_PLAN, COD_ESTADO, COD_TIPO_TARIFA, VALOR, FECHA_VIGE_INICIAL, FECHA_VIGE_FIN, COD_CONDICION_TARIFA, COD_NUM_USUARIOS_TARIFA, COD_SEXO, EDAD_INICIAL, EDAD_FINAL, COD_TARIFA_MP, IVA)
   VALUES(1437, 17, 1, 1, 2, 550935, '06/03/20', '30/11/23', 2, NULL, 2, 60, 69, 'PLUN03', 9);
   
INSERT INTO VDIR_TARIFA(COD_TARIFA, COD_PLAN_PROGRAMA, COD_PLAN, COD_ESTADO, COD_TIPO_TARIFA, VALOR, FECHA_VIGE_INICIAL, FECHA_VIGE_FIN, COD_CONDICION_TARIFA, COD_NUM_USUARIOS_TARIFA, COD_SEXO, EDAD_INICIAL, EDAD_FINAL, COD_TARIFA_MP, IVA)
   VALUES(1438, 17, 1, 1, 2, 737100, '06/03/20', '30/11/23', 2, NULL, 2, 70, 79, 'PLUN03', 9);


-- Hombre Ambulatorio especial
INSERT INTO VDIR_TARIFA(COD_TARIFA, COD_PLAN_PROGRAMA, COD_PLAN, COD_ESTADO, COD_TIPO_TARIFA, VALOR, FECHA_VIGE_INICIAL, FECHA_VIGE_FIN, COD_CONDICION_TARIFA, COD_NUM_USUARIOS_TARIFA, COD_SEXO, EDAD_INICIAL, EDAD_FINAL, COD_TARIFA_MP, IVA)
   VALUES(1405, 16, 2, 1, 2, 66570, '06/03/20', '30/11/23', 2, NULL, 1, 1, 14, 'PLUN03', 9);

INSERT INTO VDIR_TARIFA(COD_TARIFA, COD_PLAN_PROGRAMA, COD_PLAN, COD_ESTADO, COD_TIPO_TARIFA, VALOR, FECHA_VIGE_INICIAL, FECHA_VIGE_FIN, COD_CONDICION_TARIFA, COD_NUM_USUARIOS_TARIFA, COD_SEXO, EDAD_INICIAL, EDAD_FINAL, COD_TARIFA_MP, IVA)
   VALUES(1406, 16, 2, 1, 2, 78330, '06/03/20', '30/11/23', 2, NULL, 1, 15, 29, 'PLUN03', 9);

INSERT INTO VDIR_TARIFA(COD_TARIFA, COD_PLAN_PROGRAMA, COD_PLAN, COD_ESTADO, COD_TIPO_TARIFA, VALOR, FECHA_VIGE_INICIAL, FECHA_VIGE_FIN, COD_CONDICION_TARIFA, COD_NUM_USUARIOS_TARIFA, COD_SEXO, EDAD_INICIAL, EDAD_FINAL, COD_TARIFA_MP, IVA)
   VALUES(1417, 16, 2, 1, 2, 80325, '06/03/20', '30/11/23', 2, NULL, 1, 30, 49, 'PLUN03', 9);
   
INSERT INTO VDIR_TARIFA(COD_TARIFA, COD_PLAN_PROGRAMA, COD_PLAN, COD_ESTADO, COD_TIPO_TARIFA, VALOR, FECHA_VIGE_INICIAL, FECHA_VIGE_FIN, COD_CONDICION_TARIFA, COD_NUM_USUARIOS_TARIFA, COD_SEXO, EDAD_INICIAL, EDAD_FINAL, COD_TARIFA_MP, IVA)
   VALUES(1418, 16, 2, 1, 2, 140385, '06/03/20', '30/11/23', 2, NULL, 1, 50, 59, 'PLUN03', 9);
   
INSERT INTO VDIR_TARIFA(COD_TARIFA, COD_PLAN_PROGRAMA, COD_PLAN, COD_ESTADO, COD_TIPO_TARIFA, VALOR, FECHA_VIGE_INICIAL, FECHA_VIGE_FIN, COD_CONDICION_TARIFA, COD_NUM_USUARIOS_TARIFA, COD_SEXO, EDAD_INICIAL, EDAD_FINAL, COD_TARIFA_MP, IVA)
   VALUES(1419, 16, 2, 1, 2, 174090, '06/03/20', '30/11/23', 2, NULL, 1, 60, 69, 'PLUN03', 9);
   
INSERT INTO VDIR_TARIFA(COD_TARIFA, COD_PLAN_PROGRAMA, COD_PLAN, COD_ESTADO, COD_TIPO_TARIFA, VALOR, FECHA_VIGE_INICIAL, FECHA_VIGE_FIN, COD_CONDICION_TARIFA, COD_NUM_USUARIOS_TARIFA, COD_SEXO, EDAD_INICIAL, EDAD_FINAL, COD_TARIFA_MP, IVA)
   VALUES(1420, 16, 2, 1, 2, 203175, '06/03/20', '30/11/23', 2, NULL, 1, 70, 79, 'PLUN03', 9);


INSERT INTO VDIR_TARIFA(COD_TARIFA, COD_PLAN_PROGRAMA, COD_PLAN, COD_ESTADO, COD_TIPO_TARIFA, VALOR, FECHA_VIGE_INICIAL, FECHA_VIGE_FIN, COD_CONDICION_TARIFA, COD_NUM_USUARIOS_TARIFA, COD_SEXO, EDAD_INICIAL, EDAD_FINAL, COD_TARIFA_MP, IVA)
   VALUES(1439, 18, 1, 1, 2, 66570, '06/03/20', '30/11/23', 2, NULL, 1, 1, 14, 'PLUN03', 9);

INSERT INTO VDIR_TARIFA(COD_TARIFA, COD_PLAN_PROGRAMA, COD_PLAN, COD_ESTADO, COD_TIPO_TARIFA, VALOR, FECHA_VIGE_INICIAL, FECHA_VIGE_FIN, COD_CONDICION_TARIFA, COD_NUM_USUARIOS_TARIFA, COD_SEXO, EDAD_INICIAL, EDAD_FINAL, COD_TARIFA_MP, IVA)
   VALUES(1440, 18, 1, 1, 2, 78330, '06/03/20', '30/11/23', 2, NULL, 1, 15, 29, 'PLUN03', 9);

INSERT INTO VDIR_TARIFA(COD_TARIFA, COD_PLAN_PROGRAMA, COD_PLAN, COD_ESTADO, COD_TIPO_TARIFA, VALOR, FECHA_VIGE_INICIAL, FECHA_VIGE_FIN, COD_CONDICION_TARIFA, COD_NUM_USUARIOS_TARIFA, COD_SEXO, EDAD_INICIAL, EDAD_FINAL, COD_TARIFA_MP, IVA)
   VALUES(1441, 18, 1, 1, 2, 80325, '06/03/20', '30/11/23', 2, NULL, 1, 30, 49, 'PLUN03', 9);
   
INSERT INTO VDIR_TARIFA(COD_TARIFA, COD_PLAN_PROGRAMA, COD_PLAN, COD_ESTADO, COD_TIPO_TARIFA, VALOR, FECHA_VIGE_INICIAL, FECHA_VIGE_FIN, COD_CONDICION_TARIFA, COD_NUM_USUARIOS_TARIFA, COD_SEXO, EDAD_INICIAL, EDAD_FINAL, COD_TARIFA_MP, IVA)
   VALUES(1442, 18, 1, 1, 2, 140385, '06/03/20', '30/11/23', 2, NULL, 1, 50, 59, 'PLUN03', 9);
   
INSERT INTO VDIR_TARIFA(COD_TARIFA, COD_PLAN_PROGRAMA, COD_PLAN, COD_ESTADO, COD_TIPO_TARIFA, VALOR, FECHA_VIGE_INICIAL, FECHA_VIGE_FIN, COD_CONDICION_TARIFA, COD_NUM_USUARIOS_TARIFA, COD_SEXO, EDAD_INICIAL, EDAD_FINAL, COD_TARIFA_MP, IVA)
   VALUES(1443, 18, 1, 1, 2, 174090, '06/03/20', '30/11/23', 2, NULL, 1, 60, 69, 'PLUN03', 9);
   
INSERT INTO VDIR_TARIFA(COD_TARIFA, COD_PLAN_PROGRAMA, COD_PLAN, COD_ESTADO, COD_TIPO_TARIFA, VALOR, FECHA_VIGE_INICIAL, FECHA_VIGE_FIN, COD_CONDICION_TARIFA, COD_NUM_USUARIOS_TARIFA, COD_SEXO, EDAD_INICIAL, EDAD_FINAL, COD_TARIFA_MP, IVA)
   VALUES(1444, 18, 1, 1, 2, 203175, '06/03/20', '30/11/23', 2, NULL, 1, 70, 79, 'PLUN03', 9);


-- Mujer Ambulatorio especial
INSERT INTO VDIR_TARIFA(COD_TARIFA, COD_PLAN_PROGRAMA, COD_PLAN, COD_ESTADO, COD_TIPO_TARIFA, VALOR, FECHA_VIGE_INICIAL, FECHA_VIGE_FIN, COD_CONDICION_TARIFA, COD_NUM_USUARIOS_TARIFA, COD_SEXO, EDAD_INICIAL, EDAD_FINAL, COD_TARIFA_MP, IVA)
   VALUES(1421, 16, 2, 1, 2, 66570, '06/03/20', '30/11/23', 2, NULL, 2, 1, 14, 'PLUN03', 9);

INSERT INTO VDIR_TARIFA(COD_TARIFA, COD_PLAN_PROGRAMA, COD_PLAN, COD_ESTADO, COD_TIPO_TARIFA, VALOR, FECHA_VIGE_INICIAL, FECHA_VIGE_FIN, COD_CONDICION_TARIFA, COD_NUM_USUARIOS_TARIFA, COD_SEXO, EDAD_INICIAL, EDAD_FINAL, COD_TARIFA_MP, IVA)
   VALUES(1422, 16, 2, 1, 2, 78330, '06/03/20', '30/11/23', 2, NULL, 2, 15, 29, 'PLUN03', 9);
   
INSERT INTO VDIR_TARIFA(COD_TARIFA, COD_PLAN_PROGRAMA, COD_PLAN, COD_ESTADO, COD_TIPO_TARIFA, VALOR, FECHA_VIGE_INICIAL, FECHA_VIGE_FIN, COD_CONDICION_TARIFA, COD_NUM_USUARIOS_TARIFA, COD_SEXO, EDAD_INICIAL, EDAD_FINAL, COD_TARIFA_MP, IVA)
   VALUES(1423, 16, 2, 1, 2, 127680, '06/03/20', '30/11/23', 2, NULL, 2, 30, 49, 'PLUN03', 9);
   
INSERT INTO VDIR_TARIFA(COD_TARIFA, COD_PLAN_PROGRAMA, COD_PLAN, COD_ESTADO, COD_TIPO_TARIFA, VALOR, FECHA_VIGE_INICIAL, FECHA_VIGE_FIN, COD_CONDICION_TARIFA, COD_NUM_USUARIOS_TARIFA, COD_SEXO, EDAD_INICIAL, EDAD_FINAL, COD_TARIFA_MP, IVA)
   VALUES(1424, 16, 2, 1, 2, 140385, '06/03/20', '30/11/23', 2, NULL, 2, 50, 59, 'PLUN03', 9);
   
INSERT INTO VDIR_TARIFA(COD_TARIFA, COD_PLAN_PROGRAMA, COD_PLAN, COD_ESTADO, COD_TIPO_TARIFA, VALOR, FECHA_VIGE_INICIAL, FECHA_VIGE_FIN, COD_CONDICION_TARIFA, COD_NUM_USUARIOS_TARIFA, COD_SEXO, EDAD_INICIAL, EDAD_FINAL, COD_TARIFA_MP, IVA)
   VALUES(1425, 16, 2, 1, 2, 174090, '06/03/20', '30/11/23', 2, NULL, 2, 60, 69, 'PLUN03', 9);
   
INSERT INTO VDIR_TARIFA(COD_TARIFA, COD_PLAN_PROGRAMA, COD_PLAN, COD_ESTADO, COD_TIPO_TARIFA, VALOR, FECHA_VIGE_INICIAL, FECHA_VIGE_FIN, COD_CONDICION_TARIFA, COD_NUM_USUARIOS_TARIFA, COD_SEXO, EDAD_INICIAL, EDAD_FINAL, COD_TARIFA_MP, IVA)
   VALUES(1426, 16, 2, 1, 2, 203175, '06/03/20', '30/11/23', 2, NULL, 2, 70, 79, 'PLUN03', 9);


INSERT INTO VDIR_TARIFA(COD_TARIFA, COD_PLAN_PROGRAMA, COD_PLAN, COD_ESTADO, COD_TIPO_TARIFA, VALOR, FECHA_VIGE_INICIAL, FECHA_VIGE_FIN, COD_CONDICION_TARIFA, COD_NUM_USUARIOS_TARIFA, COD_SEXO, EDAD_INICIAL, EDAD_FINAL, COD_TARIFA_MP, IVA)
   VALUES(1445, 18, 1, 1, 2, 66570, '06/03/20', '30/11/23', 2, NULL, 2, 1, 14, 'PLUN03', 9);

INSERT INTO VDIR_TARIFA(COD_TARIFA, COD_PLAN_PROGRAMA, COD_PLAN, COD_ESTADO, COD_TIPO_TARIFA, VALOR, FECHA_VIGE_INICIAL, FECHA_VIGE_FIN, COD_CONDICION_TARIFA, COD_NUM_USUARIOS_TARIFA, COD_SEXO, EDAD_INICIAL, EDAD_FINAL, COD_TARIFA_MP, IVA)
   VALUES(1446, 18, 1, 1, 2, 78330, '06/03/20', '30/11/23', 2, NULL, 2, 15, 29, 'PLUN03', 9);
   
INSERT INTO VDIR_TARIFA(COD_TARIFA, COD_PLAN_PROGRAMA, COD_PLAN, COD_ESTADO, COD_TIPO_TARIFA, VALOR, FECHA_VIGE_INICIAL, FECHA_VIGE_FIN, COD_CONDICION_TARIFA, COD_NUM_USUARIOS_TARIFA, COD_SEXO, EDAD_INICIAL, EDAD_FINAL, COD_TARIFA_MP, IVA)
   VALUES(1447, 18, 1, 1, 2, 127680, '06/03/20', '30/11/23', 2, NULL, 2, 30, 49, 'PLUN03', 9);
   
INSERT INTO VDIR_TARIFA(COD_TARIFA, COD_PLAN_PROGRAMA, COD_PLAN, COD_ESTADO, COD_TIPO_TARIFA, VALOR, FECHA_VIGE_INICIAL, FECHA_VIGE_FIN, COD_CONDICION_TARIFA, COD_NUM_USUARIOS_TARIFA, COD_SEXO, EDAD_INICIAL, EDAD_FINAL, COD_TARIFA_MP, IVA)
   VALUES(1448, 18, 1, 1, 2, 140385, '06/03/20', '30/11/23', 2, NULL, 2, 50, 59, 'PLUN03', 9);
   
INSERT INTO VDIR_TARIFA(COD_TARIFA, COD_PLAN_PROGRAMA, COD_PLAN, COD_ESTADO, COD_TIPO_TARIFA, VALOR, FECHA_VIGE_INICIAL, FECHA_VIGE_FIN, COD_CONDICION_TARIFA, COD_NUM_USUARIOS_TARIFA, COD_SEXO, EDAD_INICIAL, EDAD_FINAL, COD_TARIFA_MP, IVA)
   VALUES(1449, 18, 1, 1, 2, 174090, '06/03/20', '30/11/23', 2, NULL, 2, 60, 69, 'PLUN03', 9);
   
INSERT INTO VDIR_TARIFA(COD_TARIFA, COD_PLAN_PROGRAMA, COD_PLAN, COD_ESTADO, COD_TIPO_TARIFA, VALOR, FECHA_VIGE_INICIAL, FECHA_VIGE_FIN, COD_CONDICION_TARIFA, COD_NUM_USUARIOS_TARIFA, COD_SEXO, EDAD_INICIAL, EDAD_FINAL, COD_TARIFA_MP, IVA)
   VALUES(1450, 18, 1, 1, 2, 203175, '06/03/20', '30/11/23', 2, NULL, 2, 70, 79, 'PLUN03', 9);


INSERT INTO VDIR_FILE(COD_FILE, DES_FILE, RUTA, COD_TIPO_FILE, FECHA_CREACION, URL)
   VALUES(10, 'Contrato Plata Prime', '/horadecuidarme/asset/public/uploadPdf/Contrato/MPFT1457_Contrato_Plata_Prime.pdf', 3, '02/01/19', 'MPFT1457_Contrato_Plata_Prime.pdf');


INSERT INTO VDIR_PROGRAMA_FILE(COD_PROGRAMA_FILE, COD_FILE, COD_PROGRAMA)
   VALUES(19, 10, 10);


INSERT INTO VDIR_FILE(COD_FILE, DES_FILE, RUTA, COD_TIPO_FILE, FECHA_CREACION, URL)
   VALUES(11, 'Contrato Ambulatorio Especial', '/horadecuidarme/asset/public/uploadPdf/Contrato/MPFT1428_Contrato_Ambulatorio_Especial.pdf', 3, '02/01/19', 'MPFT1428_Contrato_Ambulatorio_Especial.pdf');


INSERT INTO VDIR_PROGRAMA_FILE(COD_PROGRAMA_FILE, COD_FILE, COD_PROGRAMA)
   VALUES(20, 11, 11);

   

-- Actualizaciones Dental Elite
UPDATE VDIR_TARIFA
   SET VALOR = 51345
   WHERE COD_TARIFA = 1252;

UPDATE VDIR_TARIFA
   SET VALOR = 50295
   WHERE COD_TARIFA = 1253;

UPDATE VDIR_TARIFA
   SET VALOR = 49245
   WHERE COD_TARIFA = 1254;
   
UPDATE VDIR_TARIFA
   SET VALOR = 48300
   WHERE COD_TARIFA = 1255;
   
UPDATE VDIR_TARIFA
   SET VALOR = 47040
   WHERE COD_TARIFA = 1256;


UPDATE VDIR_TARIFA
   SET VALOR = 61950
   WHERE COD_TARIFA = 1278;

UPDATE VDIR_TARIFA
   SET VALOR = 60795
   WHERE COD_TARIFA = 1279;

UPDATE VDIR_TARIFA
   SET VALOR = 59430
   WHERE COD_TARIFA = 1280;
   
UPDATE VDIR_TARIFA
   SET VALOR = 58275
   WHERE COD_TARIFA = 1281;


-- Actualizaciones Oro Plus
UPDATE VDIR_TARIFA
   SET VALOR = 191730
   WHERE COD_TARIFA = 1260;
   
UPDATE VDIR_TARIFA
   SET VALOR = 191730
   WHERE COD_TARIFA = 1261;
   
UPDATE VDIR_TARIFA
   SET VALOR = 218820
   WHERE COD_TARIFA = 1262;
   
UPDATE VDIR_TARIFA
   SET VALOR = 253575
   WHERE COD_TARIFA = 1263;

UPDATE VDIR_TARIFA
   SET VALOR = 234780
   WHERE COD_TARIFA = 1264;
   
   UPDATE VDIR_TARIFA
   SET VALOR = 285705
   WHERE COD_TARIFA = 1265;


UPDATE VDIR_TARIFA
   SET VALOR = 208635
   WHERE COD_TARIFA = 1270;
   
UPDATE VDIR_TARIFA
   SET VALOR = 208635
   WHERE COD_TARIFA = 1271;
   
UPDATE VDIR_TARIFA
   SET VALOR = 238035
   WHERE COD_TARIFA = 1272;
   
UPDATE VDIR_TARIFA
   SET VALOR = 276465
   WHERE COD_TARIFA = 1273;

UPDATE VDIR_TARIFA
   SET VALOR = 256200
   WHERE COD_TARIFA = 1274;
   
   UPDATE VDIR_TARIFA
   SET VALOR = 311535
   WHERE COD_TARIFA = 1275;


-- Actualizaciones Plata Joven
UPDATE VDIR_TARIFA
   SET VALOR = 148680
   WHERE COD_TARIFA = 861;
   
UPDATE VDIR_TARIFA
   SET VALOR = 121800
   WHERE COD_TARIFA = 1266;
   
UPDATE VDIR_TARIFA
   SET VALOR = 148680
   WHERE COD_TARIFA = 1267;
   

UPDATE VDIR_TARIFA
   SET VALOR = 148680
   WHERE COD_TARIFA = 817;
   
UPDATE VDIR_TARIFA
   SET VALOR = 131880
   WHERE COD_TARIFA = 1276;
   
UPDATE VDIR_TARIFA
   SET VALOR = 190260
   WHERE COD_TARIFA = 1277;


-- Actualizaciones Tradicional Especial
UPDATE VDIR_TARIFA
   SET VALOR = 89145
   WHERE COD_TARIFA = 1268;
   
UPDATE VDIR_TARIFA
   SET VALOR = 105105
   WHERE COD_TARIFA = 1269;
   
UPDATE VDIR_TARIFA
   SET VALOR = 89145
   WHERE COD_TARIFA = 1324;


-- Actualizaciones Asociado
UPDATE VDIR_TARIFA
   SET VALOR = 127470
   WHERE COD_TARIFA = 1246;
   
UPDATE VDIR_TARIFA
   SET VALOR = 127470
   WHERE COD_TARIFA = 1247;
   
UPDATE VDIR_TARIFA
   SET VALOR = 139440
   WHERE COD_TARIFA = 1248;
   
UPDATE VDIR_TARIFA
   SET VALOR = 154350
   WHERE COD_TARIFA = 1249;
   
UPDATE VDIR_TARIFA
   SET VALOR = 160965
   WHERE COD_TARIFA = 1250;
   
UPDATE VDIR_TARIFA
   SET VALOR = 184800
   WHERE COD_TARIFA = 1251;


-- Actualizar edad Plata Joven
UPDATE VDIR_PLAN_PROGRAMA
   SET EDAD_FIN = 35
   WHERE COD_PROGRAMA = 4;


INSERT INTO VDIR_TARIFA(COD_TARIFA, COD_PLAN_PROGRAMA, COD_PLAN, COD_ESTADO, COD_TIPO_TARIFA, VALOR, FECHA_VIGE_INICIAL, FECHA_VIGE_FIN, COD_CONDICION_TARIFA, COD_SEXO, EDAD_INICIAL, EDAD_FINAL, IVA)
    VALUES(865, 5, 1, 1, 2, 343665, '06/03/20', '30/11/23', 2, 1, 50, 59, 5);

INSERT INTO VDIR_TARIFA(COD_TARIFA, COD_PLAN_PROGRAMA, COD_PLAN, COD_ESTADO, COD_TIPO_TARIFA, VALOR, FECHA_VIGE_INICIAL, FECHA_VIGE_FIN, COD_CONDICION_TARIFA, COD_SEXO, EDAD_INICIAL, EDAD_FINAL, IVA)
    VALUES(866, 5, 1, 1, 2, 343665, '06/03/20', '30/11/23', 2, 2, 50, 59, 5);

INSERT INTO VDIR_TARIFA(COD_TARIFA, COD_PLAN_PROGRAMA, COD_PLAN, COD_ESTADO, COD_TIPO_TARIFA, VALOR, FECHA_VIGE_INICIAL, FECHA_VIGE_FIN, COD_CONDICION_TARIFA, COD_SEXO, EDAD_INICIAL, EDAD_FINAL, IVA)
    VALUES(867, 6, 2, 1, 2, 383565, '06/03/20', '30/11/23', 2, 1, 50, 59, 5);
    
INSERT INTO VDIR_TARIFA(COD_TARIFA, COD_PLAN_PROGRAMA, COD_PLAN, COD_ESTADO, COD_TIPO_TARIFA, VALOR, FECHA_VIGE_INICIAL, FECHA_VIGE_FIN, COD_CONDICION_TARIFA, COD_SEXO, EDAD_INICIAL, EDAD_FINAL, IVA)
    VALUES(868, 6, 2, 1, 2, 383565, '06/03/20', '30/11/23', 2, 2, 50, 59, 5);


UPDATE VDIR_TARIFA SET EDAD_FINAL = 50, VALOR = 100065 WHERE COD_TARIFA = 1269;

UPDATE VDIR_TARIFA SET EDAD_FINAL = 50, VALOR = 84840 WHERE COD_TARIFA = 1324;

UPDATE VDIR_TARIFA SET COD_ESTADO = 2 WHERE COD_TARIFA = 1268;



INSERT INTO VDIR_TARIFA (COD_TARIFA, COD_PLAN_PROGRAMA, COD_PLAN, COD_ESTADO, COD_TIPO_TARIFA, VALOR, FECHA_VIGE_INICIAL, FECHA_VIGE_FIN, COD_CONDICION_TARIFA, COD_NUM_USUARIOS_TARIFA, COD_TARIFA_MP, IVA)
    VALUES(1286, 4, 2, 1, 2, 57015, '06/03/20', '30/11/23', 1, 5, 'SONU09', 5);

   
UPDATE VDIR_TARIFA SET VALOR = 50295 WHERE COD_TARIFA = 1279;

UPDATE VDIR_TARIFA SET VALOR = 49245 WHERE COD_TARIFA = 1280;

UPDATE VDIR_TARIFA SET VALOR = 50295 WHERE COD_TARIFA = 1279;



INSERT INTO VDIR_TARIFA (COD_TARIFA, COD_PLAN_PROGRAMA, COD_PLAN, COD_ESTADO, COD_TIPO_TARIFA, VALOR, FECHA_VIGE_INICIAL, FECHA_VIGE_FIN, COD_CONDICION_TARIFA, COD_SEXO, EDAD_INICIAL, EDAD_FINAL, COD_TARIFA_MP, IVA)
    VALUES(1287, 9, 1, 1, 2, 93765, '06/03/20', '30/11/23', 2, 1, 51, 54, 'TRAE03', 5);

INSERT INTO VDIR_TARIFA (COD_TARIFA, COD_PLAN_PROGRAMA, COD_PLAN, COD_ESTADO, COD_TIPO_TARIFA, VALOR, FECHA_VIGE_INICIAL, FECHA_VIGE_FIN, COD_CONDICION_TARIFA, COD_SEXO, EDAD_INICIAL, EDAD_FINAL, COD_TARIFA_MP, IVA)
    VALUES(1288, 9, 1, 1, 2, 124005, '06/03/20', '30/11/23', 2, 2, 51, 54, 'TRAE03', 5);

-- Actualizar imagenes
UPDATE VDIR_PROGRAMA
    SET IMAGEN = '/horadecuidarme/asset/public/images/Carne_MP_DIGITAL_DENTAL_ELITE.png'
    WHERE COD_PROGRAMA = 2;
    
UPDATE VDIR_PROGRAMA
    SET IMAGEN = '/horadecuidarme/asset/public/images/Tarjeta_MP_DIGITAL_ORO_PLUS.png'
    WHERE COD_PROGRAMA = 3;
    
UPDATE VDIR_PROGRAMA
    SET IMAGEN = '/horadecuidarme/asset/public/images/Tarjeta_MP_DIGITAL_PLATA_JOVEN.png'
    WHERE COD_PROGRAMA = 4;
    
UPDATE VDIR_PROGRAMA
    SET IMAGEN = '/horadecuidarme/asset/public/images/Tarjeta_MP_DIGITAL_TRADICIONA_ESPECIAL.png'
    WHERE COD_PROGRAMA = 5;
    
UPDATE VDIR_PROGRAMA
    SET IMAGEN = '/horadecuidarme/asset/public/images/Carne_MP_DIGITAL_ASOCIADO.png'
    WHERE COD_PROGRAMA = 6;
    
UPDATE VDIR_PROGRAMA
    SET IMAGEN = '/horadecuidarme/asset/public/images/Tarjeta_MP_DIGITAL_PLATA_PRIME.png'
    WHERE COD_PROGRAMA = 10;
    
UPDATE VDIR_PROGRAMA
    SET IMAGEN = '/horadecuidarme/asset/public/images/Tarjeta_MP_DIGITAL_AMBULATORIO_ESPECIAL.png'
    WHERE COD_PROGRAMA = 11;


UPDATE VDIR_PLAN_PROGRAMA
    SET COBERTURA_INICIAL = '/horadecuidarme/asset/public/fileUpload/coberturaInicial02_01_.jpg'
    WHERE COD_PLAN_PROGRAMA = 3;
    
UPDATE VDIR_PLAN_PROGRAMA
    SET COBERTURA_INICIAL = '/horadecuidarme/asset/public/uploadPdf/Cobertura/Cobertura_2_2.pdf'
    WHERE COD_PLAN_PROGRAMA = 4;
    
UPDATE VDIR_PLAN_PROGRAMA
    SET COBERTURA_INICIAL = '/horadecuidarme/asset/public/uploadPdf/Cobertura/Cobertura_3_1.pdf'
    WHERE COD_PLAN_PROGRAMA = 5;
    
UPDATE VDIR_PLAN_PROGRAMA
    SET COBERTURA_INICIAL = '/horadecuidarme/asset/public/uploadPdf/Cobertura/Cobertura_3_2.pdf'
    WHERE COD_PLAN_PROGRAMA = 6;
    
UPDATE VDIR_PLAN_PROGRAMA
    SET COBERTURA_INICIAL = '/horadecuidarme/asset/public/fileUpload/coberturaInicial04_01_.jpg'
    WHERE COD_PLAN_PROGRAMA = 7;
    
UPDATE VDIR_PLAN_PROGRAMA
    SET COBERTURA_INICIAL = '/horadecuidarme/asset/public/uploadPdf/Cobertura/Cobertura_4_2.pdf'
    WHERE COD_PLAN_PROGRAMA = 8;
    
UPDATE VDIR_PLAN_PROGRAMA
    SET COBERTURA_INICIAL = '/horadecuidarme/asset/public/uploadPdf/Cobertura/Cobertura_5_1.pdf'
    WHERE COD_PLAN_PROGRAMA = 9;
    
UPDATE VDIR_PLAN_PROGRAMA
    SET COBERTURA_INICIAL = '/horadecuidarme/asset/public/uploadPdf/Cobertura/Cobertura_6_1.pdf'
    WHERE COD_PLAN_PROGRAMA = 11;


-- Actualizar parámetro ruta imagenes
UPDATE VDIR_PARAMETRO
    SET VALOR_PARAMETRO = '/horadecuidarme/asset/public/fileBeneficiarios/'
    WHERE COD_PARAMETRO = 17;

-- Actualizar condiciones tarifas
UPDATE VDIR_CONDICION_TARIFA SET COD_ESTADO = 2 WHERE COD_CONDICION_TARIFA = 3;
UPDATE VDIR_CONDICION_TARIFA SET DES_CONDICION_TARIFA = 'Capita' WHERE COD_CONDICION_TARIFA = 2;


-- Actualizar las tarifas de los nuevos planes
UPDATE VDIR_TARIFA SET COD_CONDICION_TARIFA = 2, COD_NUM_USUARIOS_TARIFA = NULL, COD_TARIFA_MP = 'PLUN03' WHERE COD_PLAN_PROGRAMA = 15 OR COD_PLAN_PROGRAMA = 16 OR COD_PLAN_PROGRAMA = 17 OR COD_PLAN_PROGRAMA = 18;


-- Ajustar preguntas encuesta salud
INSERT INTO VDIR_PREGUNTA (COD_PREGUNTA, DES_PREGUNTA, COD_ENCUESTA, NUMERO_PREGUNTA, COD_MODULO)
   VALUES (44, 'Pregunta aux', 2, 34, 5);
   
UPDATE VDIR_RESPUESTA
    SET COD_PREGUNTA = 44
    WHERE COD_PREGUNTA = 31;

UPDATE VDIR_PREGUNTA
   SET COD_PREGUNTA = 45, DES_PREGUNTA = '¿Cuál es su talla?(Mts) Ejemplo: 1.2'
   WHERE COD_PREGUNTA = 31;
   
UPDATE VDIR_RESPUESTA
    SET COD_PREGUNTA = 45
    WHERE COD_PREGUNTA = 33;
   
UPDATE VDIR_PREGUNTA
   SET COD_PREGUNTA = 31
   WHERE COD_PREGUNTA = 33;
   
UPDATE VDIR_RESPUESTA
    SET COD_PREGUNTA = 31
    WHERE COD_PREGUNTA = 45;
    
UPDATE VDIR_PREGUNTA
   SET COD_PREGUNTA = 33
   WHERE COD_PREGUNTA = 45;
   
UPDATE VDIR_RESPUESTA
    SET COD_PREGUNTA = 33
    WHERE COD_PREGUNTA = 44;
    
DELETE FROM VDIR_PREGUNTA
    WHERE COD_PREGUNTA = 44;


-- Actualizar archivos

UPDATE VDIR_FILE
    SET RUTA = '/horadecuidarme/asset/public/uploadPdf/Contrato/MPFT642_Contrato_programa_ORO_PLUS.pdf', URL = 'MPFT642_Contrato_programa_ORO_PLUS.pdf'
    WHERE COD_FILE = 1;
    
UPDATE VDIR_FILE
    SET RUTA = '/horadecuidarme/asset/public/uploadPdf/Contrato/MPFT674_Contrato_Asociado.pdf', URL = 'MPFT674_Contrato_Asociado.pdf'
    WHERE COD_FILE = 2;
    
UPDATE VDIR_FILE
    SET RUTA = '/horadecuidarme/asset/public/uploadPdf/Contrato/MPFT648_Contrato_Tradicional_Especial.pdf', URL = 'MPFT648_Contrato_Tradicional_Especial.pdf'
    WHERE COD_FILE = 3;
    
UPDATE VDIR_FILE
    SET RUTA = '/horadecuidarme/asset/public/uploadPdf/Contrato/MPFT645_Contrato_Plata_Joven.pdf', URL = 'MPFT645_Contrato_Plata_Joven.pdf'
    WHERE COD_FILE = 4;
    
UPDATE VDIR_FILE
    SET RUTA = '/horadecuidarme/asset/public/uploadPdf/Contrato/MPFT647_contrato_Dental_Elite.pdf', URL = 'MPFT647_contrato_Dental_Elite.pdf'
    WHERE COD_FILE = 6;


-- Actualizar tarifa 1285
UPDATE VDIR_TARIFA SET COD_TARIFA = 442 WHERE COD_TARIFA = 1285;

-- Desactivar todas las tarifas
UPDATE VDIR_TARIFA SET COD_ESTADO = 2;

-- Actuaizar títulos programas
UPDATE VDIR_PROGRAMA SET DES_PROGRAMA = 'Oro Plus' WHERE COD_PROGRAMA = 2;

UPDATE VDIR_PROGRAMA SET DES_PROGRAMA = 'Plata Joven' WHERE COD_PROGRAMA = 4;

UPDATE VDIR_PROGRAMA SET DES_PROGRAMA = 'Tradicional Especial' WHERE COD_PROGRAMA = 5;


UPDATE VDIR_PROGRAMA
   SET PRIORIDAD = 1
   WHERE COD_PROGRAMA = 3 OR COD_PROGRAMA = 2;

UPDATE VDIR_PROGRAMA
   SET PRIORIDAD = 2
   WHERE COD_PROGRAMA = 10;

UPDATE VDIR_PROGRAMA
   SET PRIORIDAD = 3
   WHERE COD_PROGRAMA = 4;

UPDATE VDIR_PROGRAMA
   SET PRIORIDAD = 4
   WHERE COD_PROGRAMA = 6;

UPDATE VDIR_PROGRAMA
   SET PRIORIDAD = 5
   WHERE COD_PROGRAMA = 11;

UPDATE VDIR_PROGRAMA
   SET PRIORIDAD = 6
   WHERE COD_PROGRAMA = 5;


-- Actualizar mensaje confirmación firma contrato
UPDATE VDIR_PARAMETRO
    SET VALOR_PARAMETRO = '¡Felicitaciones! Estás a poco tiempo de empezar a disfrutar de nuestra protección en salud. Tu firma fue recibida correctamente, revisa que hayas firmado todo y das clic en finalizar.'
    WHERE COD_PARAMETRO = 38;


-- Actualizar mensaje de envío kit de bienvenida
UPDATE VDIR_PARAMETRO
    SET VALOR_PARAMETRO = 'Gracias por elegirnos para proteger tu salud, los contratos que has firmado serán enviados al correo electrónico registrado.<br><br>En los próximos días recibirás nuestro kit de bienvenida y así conocerás más de nosotros, porque somos más que planes de salud.<br><br>'
    WHERE COD_PARAMETRO = 39;
    
UPDATE VDIR_PARAMETRO
    SET VALOR_PARAMETRO = 'Ten en cuenta que podrás disfrutar de nuestra cobertura a partir del <u>{dia} de {mes}</u>. '
    WHERE COD_PARAMETRO = 12;



-- Actualizar datos rol operaciones en tabla de estados
UPDATE VDIR_ESTADO
    SET ROL_OPERATIVO = 'Comercial'
    WHERE COD_ESTADO = 8 OR COD_ESTADO = 3 OR COD_ESTADO = 9 OR COD_ESTADO = 10;

UPDATE VDIR_ESTADO
    SET ROL_OPERATIVO = 'Operaciones'
    WHERE COD_ESTADO = 7 OR COD_ESTADO = 5 OR COD_ESTADO = 6 OR COD_ESTADO = 4;


-- Agregar estado gestionado por comercial
INSERT INTO VDIR_ESTADO(COD_ESTADO, DES_ESTADO, IND_TIPO)
   VALUES(10, 'Gestionado por comercial', 2);


-- Agregar registro del paso en el que quedó el usuario
ALTER TABLE VDIR_PERSONA 
    ADD PASO_USUARIO VARCHAR2(3 BYTE);


-- Agregar enlace de servicio login
INSERT INTO VDIR_PARAMETRO(COD_PARAMETRO, DES_PARAMETRO, VALOR_PARAMETRO, COD_ESTADO)
   VALUES(239, 'Enlace de servicio de login', 'http://pruebas-sectorsalud.coomeva.com.co/saludmp-ws/WSAutenticacionOficinaVirtual?wsdl', 1);


-- Crear tabla promociones
CREATE TABLE VDIR_PROMOCIONES (
  COD_PROMOCION NUMBER(38, 0),
  URL_PROMOCION VARCHAR2(500) NOT NULL,
  FECHA_INICIO DATE,
  FECHA_FIN DATE,
  COD_ESTADO NUMBER(38, 0),
  CONSTRAINT fk_promociones_estado
    FOREIGN KEY (COD_ESTADO)
    REFERENCES VDIR_ESTADO(COD_ESTADO)
);


-- Actualización contratos 2023
UPDATE VDIR_FILE
    SET RUTA = '/horadecuidarme/asset/public/uploadPdf/Contrato/MPFT642_Contrato_Oro_Plus.PDF', URL = 'MPFT642_Contrato_Oro_Plus.PDF'
    WHERE COD_FILE = 1;
    
UPDATE VDIR_FILE
    SET RUTA = '/horadecuidarme/asset/public/uploadPdf/Contrato/MPFT674_Contrato_Asociado.pdf', URL = 'MPFT674_Contrato_Asociado.pdf'
    WHERE COD_FILE = 2;
    
UPDATE VDIR_FILE
    SET RUTA = '/horadecuidarme/asset/public/uploadPdf/Contrato/MPFT648_Contrato_Tradicional_Especial.PDF', URL = 'MPFT648_Contrato_Tradicional_Especial.PDF'
    WHERE COD_FILE = 3;
    
UPDATE VDIR_FILE
    SET RUTA = '/horadecuidarme/asset/public/uploadPdf/Contrato/MPFT1457_Contrato_Plata_Joven.pdf', URL = 'MPFT1457_Contrato_Plata_Joven.pdf'
    WHERE COD_FILE = 4;
    
UPDATE VDIR_FILE
    SET RUTA = '/horadecuidarme/asset/public/uploadPdf/Contrato/MPFT647_Contrato_Dental_Elite.PDF', URL = 'MPFT647_Contrato_Dental_Elite.PDF'
    WHERE COD_FILE = 6;
    
UPDATE VDIR_FILE
    SET RUTA = '/horadecuidarme/asset/public/uploadPdf/Contrato/MPFT1457_Contrato_Plata_Prime.PDF', URL = 'MPFT1457_Contrato_Plata_Prime.PDF'
    WHERE COD_FILE = 10;
    
UPDATE VDIR_FILE
    SET RUTA = '/horadecuidarme/asset/public/uploadPdf/Contrato/MPFT1428_Contrato_Ambulatorio_Especial.PDF', URL = 'MPFT1428_Contrato_Ambulatorio_Especial.PDF'
    WHERE COD_FILE = 11;


